-- MySQL dump 10.13  Distrib 8.0.33, for Linux (x86_64)
--
-- Host: localhost    Database: jwt_imple
-- ------------------------------------------------------
-- Server version	8.0.33-0ubuntu0.22.04.2

/*!40101 SET @OLD_CHARACTER_SET_CLIENT=@@CHARACTER_SET_CLIENT */;
/*!40101 SET @OLD_CHARACTER_SET_RESULTS=@@CHARACTER_SET_RESULTS */;
/*!40101 SET @OLD_COLLATION_CONNECTION=@@COLLATION_CONNECTION */;
/*!50503 SET NAMES utf8mb4 */;
/*!40103 SET @OLD_TIME_ZONE=@@TIME_ZONE */;
/*!40103 SET TIME_ZONE='+00:00' */;
/*!40014 SET @OLD_UNIQUE_CHECKS=@@UNIQUE_CHECKS, UNIQUE_CHECKS=0 */;
/*!40014 SET @OLD_FOREIGN_KEY_CHECKS=@@FOREIGN_KEY_CHECKS, FOREIGN_KEY_CHECKS=0 */;
/*!40101 SET @OLD_SQL_MODE=@@SQL_MODE, SQL_MODE='NO_AUTO_VALUE_ON_ZERO' */;
/*!40111 SET @OLD_SQL_NOTES=@@SQL_NOTES, SQL_NOTES=0 */;

--
-- Table structure for table `categorias`
--

DROP TABLE IF EXISTS `categorias`;
/*!40101 SET @saved_cs_client     = @@character_set_client */;
/*!50503 SET character_set_client = utf8mb4 */;
CREATE TABLE `categorias` (
  `id` bigint unsigned NOT NULL AUTO_INCREMENT,
  `nombre_categoria` varchar(40) COLLATE utf8mb4_unicode_ci NOT NULL,
  `created_at` timestamp NULL DEFAULT NULL,
  `updated_at` timestamp NULL DEFAULT NULL,
  PRIMARY KEY (`id`)
) ENGINE=InnoDB AUTO_INCREMENT=16 DEFAULT CHARSET=utf8mb4 COLLATE=utf8mb4_unicode_ci;
/*!40101 SET character_set_client = @saved_cs_client */;

--
-- Dumping data for table `categorias`
--

LOCK TABLES `categorias` WRITE;
/*!40000 ALTER TABLE `categorias` DISABLE KEYS */;
INSERT INTO `categorias` VALUES (1,'Edna Huel DDS','2023-06-03 03:52:38','2023-06-03 03:52:38'),(2,'Blanche Hermann','2023-06-03 03:52:38','2023-06-03 03:52:38'),(3,'Leslie Raynor','2023-06-03 03:52:38','2023-06-03 03:52:38'),(4,'Maximillian Rau','2023-06-03 03:52:38','2023-06-03 03:52:38'),(5,'Ashleigh Schoen DVM','2023-06-03 03:52:38','2023-06-03 03:52:38'),(6,'Clara Labadie Jr.','2023-06-03 03:52:38','2023-06-03 03:52:38'),(7,'Osvaldo Koch','2023-06-03 03:52:38','2023-06-03 03:52:38'),(8,'Ernesto Considine','2023-06-03 03:52:38','2023-06-03 03:52:38'),(9,'Justine O\'Keefe','2023-06-03 03:52:38','2023-06-03 03:52:38'),(10,'Rylee Schoen','2023-06-03 03:52:38','2023-06-03 03:52:38'),(11,'Mr. Ahmad Thiel','2023-06-03 03:52:38','2023-06-03 03:52:38'),(12,'Armani Auer','2023-06-03 03:52:38','2023-06-03 03:52:38'),(13,'Dayna Turner','2023-06-03 03:52:38','2023-06-03 03:52:38'),(14,'Ms. Elmira Funk V','2023-06-03 03:52:38','2023-06-03 03:52:38'),(15,'Shanel Kreiger','2023-06-03 03:52:38','2023-06-03 03:52:38');
/*!40000 ALTER TABLE `categorias` ENABLE KEYS */;
UNLOCK TABLES;

--
-- Table structure for table `editorials`
--

DROP TABLE IF EXISTS `editorials`;
/*!40101 SET @saved_cs_client     = @@character_set_client */;
/*!50503 SET character_set_client = utf8mb4 */;
CREATE TABLE `editorials` (
  `id` bigint unsigned NOT NULL AUTO_INCREMENT,
  `nombre_editorial` varchar(255) COLLATE utf8mb4_unicode_ci NOT NULL,
  `pais_editorial` varchar(255) COLLATE utf8mb4_unicode_ci NOT NULL,
  `created_at` timestamp NULL DEFAULT NULL,
  `updated_at` timestamp NULL DEFAULT NULL,
  PRIMARY KEY (`id`)
) ENGINE=InnoDB AUTO_INCREMENT=21 DEFAULT CHARSET=utf8mb4 COLLATE=utf8mb4_unicode_ci;
/*!40101 SET character_set_client = @saved_cs_client */;

--
-- Dumping data for table `editorials`
--

LOCK TABLES `editorials` WRITE;
/*!40000 ALTER TABLE `editorials` DISABLE KEYS */;
INSERT INTO `editorials` VALUES (1,'Nathanial Hagenes','Belarus','2023-06-03 03:53:00','2023-06-03 03:53:00'),(2,'Gaston Beier','Kuwait','2023-06-03 03:53:00','2023-06-03 03:53:00'),(3,'Vivien Gorczany V','Tuvalu','2023-06-03 03:53:00','2023-06-03 03:53:00'),(4,'Mrs. Aylin Hills MD','Mexico','2023-06-03 03:53:00','2023-06-03 03:53:00'),(5,'Anais Ward I','Lao People\'s Democratic Republic','2023-06-03 03:53:00','2023-06-03 03:53:00'),(6,'Mrs. Ada Bashirian','Spain','2023-06-03 03:53:00','2023-06-03 03:53:00'),(7,'Geraldine Lang','British Virgin Islands','2023-06-03 03:53:00','2023-06-03 03:53:00'),(8,'Emerson Ryan','Belgium','2023-06-03 03:53:00','2023-06-03 03:53:00'),(9,'Jacques Jones','Kiribati','2023-06-03 03:53:00','2023-06-03 03:53:00'),(10,'Marjory Morar DDS','Nauru','2023-06-03 03:53:00','2023-06-03 03:53:00'),(11,'Jennie Harber','Tuvalu','2023-06-03 03:53:00','2023-06-03 03:53:00'),(12,'Josie Kassulke PhD','Andorra','2023-06-03 03:53:00','2023-06-03 03:53:00'),(13,'Dr. Lori Hirthe V','Ukraine','2023-06-03 03:53:00','2023-06-03 03:53:00'),(14,'Prof. Guiseppe Kiehn MD','Botswana','2023-06-03 03:53:00','2023-06-03 03:53:00'),(15,'Mrs. Pearline Marquardt DDS','Paraguay','2023-06-03 03:53:00','2023-06-03 03:53:00'),(16,'Mrs. Josie Ratke Jr.','Kenya','2023-06-03 03:53:00','2023-06-03 03:53:00'),(17,'Katherine Hirthe','Christmas Island','2023-06-03 03:53:00','2023-06-03 03:53:00'),(18,'David Corkery','Bosnia and Herzegovina','2023-06-03 03:53:00','2023-06-03 03:53:00'),(19,'Gene Harris','Tajikistan','2023-06-03 03:53:00','2023-06-03 03:53:00'),(20,'Anabelle Brakus I','Saint Barthelemy','2023-06-03 03:53:00','2023-06-03 03:53:00');
/*!40000 ALTER TABLE `editorials` ENABLE KEYS */;
UNLOCK TABLES;

--
-- Table structure for table `escribes`
--

DROP TABLE IF EXISTS `escribes`;
/*!40101 SET @saved_cs_client     = @@character_set_client */;
/*!50503 SET character_set_client = utf8mb4 */;
CREATE TABLE `escribes` (
  `id` bigint unsigned NOT NULL AUTO_INCREMENT,
  `id_libro` bigint unsigned NOT NULL,
  `id_escritor` bigint unsigned NOT NULL,
  `anio` date NOT NULL,
  `created_at` timestamp NULL DEFAULT NULL,
  `updated_at` timestamp NULL DEFAULT NULL,
  PRIMARY KEY (`id`),
  KEY `escribes_id_libro_foreign` (`id_libro`),
  KEY `escribes_id_escritor_foreign` (`id_escritor`),
  CONSTRAINT `escribes_id_escritor_foreign` FOREIGN KEY (`id_escritor`) REFERENCES `users` (`id`),
  CONSTRAINT `escribes_id_libro_foreign` FOREIGN KEY (`id_libro`) REFERENCES `libros` (`id`)
) ENGINE=InnoDB AUTO_INCREMENT=301 DEFAULT CHARSET=utf8mb4 COLLATE=utf8mb4_unicode_ci;
/*!40101 SET character_set_client = @saved_cs_client */;

--
-- Dumping data for table `escribes`
--

LOCK TABLES `escribes` WRITE;
/*!40000 ALTER TABLE `escribes` DISABLE KEYS */;
INSERT INTO `escribes` VALUES (1,179,14,'2017-08-12','2023-06-03 03:54:01','2023-06-03 03:54:01'),(2,65,19,'2022-10-27','2023-06-03 03:54:01','2023-06-03 03:54:01'),(3,140,16,'2022-06-20','2023-06-03 03:54:01','2023-06-03 03:54:01'),(4,84,24,'2015-09-27','2023-06-03 03:54:01','2023-06-03 03:54:01'),(5,151,25,'2016-01-04','2023-06-03 03:54:01','2023-06-03 03:54:01'),(6,225,3,'2017-01-24','2023-06-03 03:54:01','2023-06-03 03:54:01'),(7,14,14,'2019-08-22','2023-06-03 03:54:01','2023-06-03 03:54:01'),(8,85,21,'2021-06-07','2023-06-03 03:54:01','2023-06-03 03:54:01'),(9,203,18,'2017-10-02','2023-06-03 03:54:01','2023-06-03 03:54:01'),(10,64,29,'2023-01-20','2023-06-03 03:54:01','2023-06-03 03:54:01'),(11,107,12,'2020-05-09','2023-06-03 03:54:01','2023-06-03 03:54:01'),(12,236,30,'2021-04-20','2023-06-03 03:54:01','2023-06-03 03:54:01'),(13,166,9,'2023-02-20','2023-06-03 03:54:01','2023-06-03 03:54:01'),(14,163,27,'2021-10-07','2023-06-03 03:54:01','2023-06-03 03:54:01'),(15,244,24,'2017-06-03','2023-06-03 03:54:01','2023-06-03 03:54:01'),(16,163,7,'2019-10-17','2023-06-03 03:54:01','2023-06-03 03:54:01'),(17,130,12,'2021-02-16','2023-06-03 03:54:01','2023-06-03 03:54:01'),(18,232,22,'2016-09-07','2023-06-03 03:54:01','2023-06-03 03:54:01'),(19,92,28,'2013-06-03','2023-06-03 03:54:01','2023-06-03 03:54:01'),(20,102,9,'2022-08-31','2023-06-03 03:54:01','2023-06-03 03:54:01'),(21,282,6,'2016-09-10','2023-06-03 03:54:01','2023-06-03 03:54:01'),(22,273,15,'2018-02-14','2023-06-03 03:54:01','2023-06-03 03:54:01'),(23,235,13,'2016-10-01','2023-06-03 03:54:01','2023-06-03 03:54:01'),(24,69,11,'2021-08-12','2023-06-03 03:54:01','2023-06-03 03:54:01'),(25,166,24,'2021-08-15','2023-06-03 03:54:01','2023-06-03 03:54:01'),(26,225,30,'2015-05-13','2023-06-03 03:54:01','2023-06-03 03:54:01'),(27,62,17,'2019-01-23','2023-06-03 03:54:01','2023-06-03 03:54:01'),(28,14,1,'2022-07-09','2023-06-03 03:54:01','2023-06-03 03:54:01'),(29,9,14,'2016-10-09','2023-06-03 03:54:01','2023-06-03 03:54:01'),(30,46,6,'2020-03-19','2023-06-03 03:54:01','2023-06-03 03:54:01'),(31,112,6,'2014-07-31','2023-06-03 03:54:01','2023-06-03 03:54:01'),(32,48,9,'2014-07-04','2023-06-03 03:54:01','2023-06-03 03:54:01'),(33,204,22,'2019-09-17','2023-06-03 03:54:01','2023-06-03 03:54:01'),(34,210,28,'2017-07-22','2023-06-03 03:54:01','2023-06-03 03:54:01'),(35,173,3,'2015-05-03','2023-06-03 03:54:01','2023-06-03 03:54:01'),(36,85,25,'2014-03-30','2023-06-03 03:54:01','2023-06-03 03:54:01'),(37,91,15,'2020-06-07','2023-06-03 03:54:01','2023-06-03 03:54:01'),(38,230,16,'2022-11-03','2023-06-03 03:54:01','2023-06-03 03:54:01'),(39,101,23,'2022-03-24','2023-06-03 03:54:01','2023-06-03 03:54:01'),(40,299,15,'2017-12-30','2023-06-03 03:54:01','2023-06-03 03:54:01'),(41,144,26,'2022-04-02','2023-06-03 03:54:01','2023-06-03 03:54:01'),(42,70,27,'2016-06-21','2023-06-03 03:54:01','2023-06-03 03:54:01'),(43,215,26,'2018-06-24','2023-06-03 03:54:01','2023-06-03 03:54:01'),(44,107,1,'2016-03-17','2023-06-03 03:54:01','2023-06-03 03:54:01'),(45,116,12,'2019-08-22','2023-06-03 03:54:01','2023-06-03 03:54:01'),(46,88,29,'2018-06-26','2023-06-03 03:54:01','2023-06-03 03:54:01'),(47,207,15,'2014-09-28','2023-06-03 03:54:01','2023-06-03 03:54:01'),(48,189,17,'2015-08-04','2023-06-03 03:54:01','2023-06-03 03:54:01'),(49,280,1,'2018-11-08','2023-06-03 03:54:01','2023-06-03 03:54:01'),(50,282,19,'2016-10-22','2023-06-03 03:54:01','2023-06-03 03:54:01'),(51,200,26,'2017-01-04','2023-06-03 03:54:01','2023-06-03 03:54:01'),(52,151,8,'2019-08-15','2023-06-03 03:54:01','2023-06-03 03:54:01'),(53,298,15,'2019-07-23','2023-06-03 03:54:01','2023-06-03 03:54:01'),(54,70,13,'2020-01-10','2023-06-03 03:54:01','2023-06-03 03:54:01'),(55,24,10,'2016-11-05','2023-06-03 03:54:01','2023-06-03 03:54:01'),(56,266,3,'2018-10-14','2023-06-03 03:54:01','2023-06-03 03:54:01'),(57,15,2,'2015-12-17','2023-06-03 03:54:01','2023-06-03 03:54:01'),(58,143,14,'2013-10-19','2023-06-03 03:54:01','2023-06-03 03:54:01'),(59,12,20,'2018-01-09','2023-06-03 03:54:01','2023-06-03 03:54:01'),(60,229,19,'2018-04-11','2023-06-03 03:54:01','2023-06-03 03:54:01'),(61,214,10,'2019-04-02','2023-06-03 03:54:01','2023-06-03 03:54:01'),(62,132,29,'2021-04-11','2023-06-03 03:54:01','2023-06-03 03:54:01'),(63,53,5,'2016-02-05','2023-06-03 03:54:01','2023-06-03 03:54:01'),(64,51,6,'2021-07-16','2023-06-03 03:54:01','2023-06-03 03:54:01'),(65,234,13,'2023-03-31','2023-06-03 03:54:01','2023-06-03 03:54:01'),(66,281,1,'2017-01-25','2023-06-03 03:54:01','2023-06-03 03:54:01'),(67,109,4,'2019-09-18','2023-06-03 03:54:01','2023-06-03 03:54:01'),(68,229,20,'2015-08-11','2023-06-03 03:54:01','2023-06-03 03:54:01'),(69,267,22,'2016-05-21','2023-06-03 03:54:01','2023-06-03 03:54:01'),(70,7,23,'2017-06-29','2023-06-03 03:54:01','2023-06-03 03:54:01'),(71,46,6,'2019-07-18','2023-06-03 03:54:01','2023-06-03 03:54:01'),(72,42,13,'2013-12-21','2023-06-03 03:54:01','2023-06-03 03:54:01'),(73,238,17,'2018-01-08','2023-06-03 03:54:01','2023-06-03 03:54:01'),(74,170,19,'2019-03-30','2023-06-03 03:54:01','2023-06-03 03:54:01'),(75,127,4,'2014-07-18','2023-06-03 03:54:01','2023-06-03 03:54:01'),(76,14,11,'2013-08-01','2023-06-03 03:54:01','2023-06-03 03:54:01'),(77,3,26,'2023-03-26','2023-06-03 03:54:01','2023-06-03 03:54:01'),(78,105,12,'2023-03-12','2023-06-03 03:54:01','2023-06-03 03:54:01'),(79,155,13,'2017-02-05','2023-06-03 03:54:01','2023-06-03 03:54:01'),(80,41,17,'2015-02-11','2023-06-03 03:54:01','2023-06-03 03:54:01'),(81,164,9,'2016-12-26','2023-06-03 03:54:01','2023-06-03 03:54:01'),(82,140,1,'2013-08-29','2023-06-03 03:54:01','2023-06-03 03:54:01'),(83,137,10,'2015-08-08','2023-06-03 03:54:01','2023-06-03 03:54:01'),(84,184,5,'2021-10-01','2023-06-03 03:54:01','2023-06-03 03:54:01'),(85,170,19,'2022-05-29','2023-06-03 03:54:01','2023-06-03 03:54:01'),(86,47,26,'2016-10-09','2023-06-03 03:54:01','2023-06-03 03:54:01'),(87,192,1,'2022-01-08','2023-06-03 03:54:01','2023-06-03 03:54:01'),(88,279,5,'2014-07-28','2023-06-03 03:54:01','2023-06-03 03:54:01'),(89,29,8,'2017-08-09','2023-06-03 03:54:01','2023-06-03 03:54:01'),(90,145,12,'2022-01-21','2023-06-03 03:54:01','2023-06-03 03:54:01'),(91,217,14,'2021-07-22','2023-06-03 03:54:01','2023-06-03 03:54:01'),(92,86,2,'2016-02-02','2023-06-03 03:54:01','2023-06-03 03:54:01'),(93,150,4,'2020-03-16','2023-06-03 03:54:01','2023-06-03 03:54:01'),(94,4,10,'2021-12-14','2023-06-03 03:54:01','2023-06-03 03:54:01'),(95,266,19,'2018-06-15','2023-06-03 03:54:01','2023-06-03 03:54:01'),(96,199,3,'2022-04-30','2023-06-03 03:54:01','2023-06-03 03:54:01'),(97,23,3,'2016-05-13','2023-06-03 03:54:01','2023-06-03 03:54:01'),(98,114,9,'2023-05-30','2023-06-03 03:54:01','2023-06-03 03:54:01'),(99,267,14,'2023-02-20','2023-06-03 03:54:01','2023-06-03 03:54:01'),(100,174,3,'2021-07-18','2023-06-03 03:54:01','2023-06-03 03:54:01'),(101,119,7,'2020-11-23','2023-06-03 03:54:01','2023-06-03 03:54:01'),(102,71,18,'2018-09-05','2023-06-03 03:54:01','2023-06-03 03:54:01'),(103,201,11,'2018-07-13','2023-06-03 03:54:01','2023-06-03 03:54:01'),(104,8,13,'2017-04-03','2023-06-03 03:54:01','2023-06-03 03:54:01'),(105,178,23,'2020-05-08','2023-06-03 03:54:01','2023-06-03 03:54:01'),(106,116,15,'2021-11-29','2023-06-03 03:54:01','2023-06-03 03:54:01'),(107,25,2,'2020-07-24','2023-06-03 03:54:01','2023-06-03 03:54:01'),(108,249,18,'2015-02-17','2023-06-03 03:54:01','2023-06-03 03:54:01'),(109,235,17,'2023-02-06','2023-06-03 03:54:01','2023-06-03 03:54:01'),(110,274,18,'2020-09-22','2023-06-03 03:54:01','2023-06-03 03:54:01'),(111,52,8,'2020-07-31','2023-06-03 03:54:01','2023-06-03 03:54:01'),(112,257,21,'2020-12-04','2023-06-03 03:54:01','2023-06-03 03:54:01'),(113,178,8,'2021-02-11','2023-06-03 03:54:01','2023-06-03 03:54:01'),(114,199,28,'2020-12-12','2023-06-03 03:54:01','2023-06-03 03:54:01'),(115,80,3,'2018-04-20','2023-06-03 03:54:01','2023-06-03 03:54:01'),(116,133,10,'2015-05-07','2023-06-03 03:54:01','2023-06-03 03:54:01'),(117,65,3,'2015-07-25','2023-06-03 03:54:01','2023-06-03 03:54:01'),(118,230,21,'2023-02-05','2023-06-03 03:54:01','2023-06-03 03:54:01'),(119,175,24,'2015-05-01','2023-06-03 03:54:01','2023-06-03 03:54:01'),(120,50,19,'2017-03-09','2023-06-03 03:54:01','2023-06-03 03:54:01'),(121,44,16,'2022-02-10','2023-06-03 03:54:01','2023-06-03 03:54:01'),(122,84,20,'2017-11-08','2023-06-03 03:54:01','2023-06-03 03:54:01'),(123,241,14,'2020-01-27','2023-06-03 03:54:01','2023-06-03 03:54:01'),(124,62,8,'2017-05-10','2023-06-03 03:54:01','2023-06-03 03:54:01'),(125,73,3,'2014-10-27','2023-06-03 03:54:01','2023-06-03 03:54:01'),(126,261,25,'2020-11-02','2023-06-03 03:54:01','2023-06-03 03:54:01'),(127,3,20,'2014-05-22','2023-06-03 03:54:01','2023-06-03 03:54:01'),(128,137,17,'2015-12-15','2023-06-03 03:54:01','2023-06-03 03:54:01'),(129,170,25,'2015-12-08','2023-06-03 03:54:01','2023-06-03 03:54:01'),(130,29,27,'2018-09-13','2023-06-03 03:54:01','2023-06-03 03:54:01'),(131,64,16,'2019-09-05','2023-06-03 03:54:01','2023-06-03 03:54:01'),(132,273,2,'2014-07-10','2023-06-03 03:54:01','2023-06-03 03:54:01'),(133,35,3,'2021-10-31','2023-06-03 03:54:01','2023-06-03 03:54:01'),(134,84,17,'2014-01-11','2023-06-03 03:54:01','2023-06-03 03:54:01'),(135,294,18,'2013-09-07','2023-06-03 03:54:01','2023-06-03 03:54:01'),(136,61,1,'2023-03-07','2023-06-03 03:54:01','2023-06-03 03:54:01'),(137,282,27,'2021-07-07','2023-06-03 03:54:01','2023-06-03 03:54:01'),(138,178,11,'2017-09-29','2023-06-03 03:54:01','2023-06-03 03:54:01'),(139,111,17,'2017-08-09','2023-06-03 03:54:01','2023-06-03 03:54:01'),(140,250,28,'2015-03-11','2023-06-03 03:54:01','2023-06-03 03:54:01'),(141,46,28,'2016-02-15','2023-06-03 03:54:01','2023-06-03 03:54:01'),(142,79,23,'2020-10-18','2023-06-03 03:54:01','2023-06-03 03:54:01'),(143,107,28,'2014-06-22','2023-06-03 03:54:01','2023-06-03 03:54:01'),(144,122,21,'2019-10-30','2023-06-03 03:54:01','2023-06-03 03:54:01'),(145,76,3,'2014-02-02','2023-06-03 03:54:01','2023-06-03 03:54:01'),(146,73,7,'2023-02-07','2023-06-03 03:54:01','2023-06-03 03:54:01'),(147,190,12,'2016-09-23','2023-06-03 03:54:01','2023-06-03 03:54:01'),(148,68,27,'2018-12-05','2023-06-03 03:54:01','2023-06-03 03:54:01'),(149,220,13,'2022-11-08','2023-06-03 03:54:01','2023-06-03 03:54:01'),(150,183,11,'2017-08-22','2023-06-03 03:54:01','2023-06-03 03:54:01'),(151,230,12,'2019-10-07','2023-06-03 03:54:01','2023-06-03 03:54:01'),(152,201,20,'2022-01-28','2023-06-03 03:54:01','2023-06-03 03:54:01'),(153,291,5,'2013-10-27','2023-06-03 03:54:01','2023-06-03 03:54:01'),(154,175,14,'2019-08-05','2023-06-03 03:54:02','2023-06-03 03:54:02'),(155,192,25,'2018-01-24','2023-06-03 03:54:02','2023-06-03 03:54:02'),(156,7,13,'2016-04-06','2023-06-03 03:54:02','2023-06-03 03:54:02'),(157,110,5,'2023-02-27','2023-06-03 03:54:02','2023-06-03 03:54:02'),(158,72,13,'2018-01-23','2023-06-03 03:54:02','2023-06-03 03:54:02'),(159,90,4,'2019-02-22','2023-06-03 03:54:02','2023-06-03 03:54:02'),(160,198,6,'2019-05-28','2023-06-03 03:54:02','2023-06-03 03:54:02'),(161,202,25,'2022-08-27','2023-06-03 03:54:02','2023-06-03 03:54:02'),(162,11,8,'2017-07-11','2023-06-03 03:54:02','2023-06-03 03:54:02'),(163,42,28,'2015-01-13','2023-06-03 03:54:02','2023-06-03 03:54:02'),(164,21,28,'2020-11-13','2023-06-03 03:54:02','2023-06-03 03:54:02'),(165,103,2,'2021-06-27','2023-06-03 03:54:02','2023-06-03 03:54:02'),(166,243,13,'2015-06-03','2023-06-03 03:54:02','2023-06-03 03:54:02'),(167,298,27,'2021-05-30','2023-06-03 03:54:02','2023-06-03 03:54:02'),(168,293,5,'2020-01-31','2023-06-03 03:54:02','2023-06-03 03:54:02'),(169,96,7,'2016-06-04','2023-06-03 03:54:02','2023-06-03 03:54:02'),(170,44,13,'2018-12-10','2023-06-03 03:54:02','2023-06-03 03:54:02'),(171,256,11,'2023-04-01','2023-06-03 03:54:02','2023-06-03 03:54:02'),(172,159,3,'2016-02-01','2023-06-03 03:54:02','2023-06-03 03:54:02'),(173,20,6,'2023-05-06','2023-06-03 03:54:02','2023-06-03 03:54:02'),(174,288,19,'2022-03-30','2023-06-03 03:54:02','2023-06-03 03:54:02'),(175,173,25,'2017-12-29','2023-06-03 03:54:02','2023-06-03 03:54:02'),(176,183,10,'2017-05-29','2023-06-03 03:54:02','2023-06-03 03:54:02'),(177,104,30,'2017-08-26','2023-06-03 03:54:02','2023-06-03 03:54:02'),(178,43,15,'2017-05-15','2023-06-03 03:54:02','2023-06-03 03:54:02'),(179,95,6,'2017-07-27','2023-06-03 03:54:02','2023-06-03 03:54:02'),(180,178,8,'2013-06-19','2023-06-03 03:54:02','2023-06-03 03:54:02'),(181,156,9,'2020-05-29','2023-06-03 03:54:02','2023-06-03 03:54:02'),(182,272,8,'2014-01-28','2023-06-03 03:54:02','2023-06-03 03:54:02'),(183,106,12,'2022-12-26','2023-06-03 03:54:02','2023-06-03 03:54:02'),(184,238,1,'2017-05-24','2023-06-03 03:54:02','2023-06-03 03:54:02'),(185,108,26,'2016-01-12','2023-06-03 03:54:02','2023-06-03 03:54:02'),(186,117,10,'2017-02-28','2023-06-03 03:54:02','2023-06-03 03:54:02'),(187,45,2,'2016-09-19','2023-06-03 03:54:02','2023-06-03 03:54:02'),(188,275,22,'2021-09-08','2023-06-03 03:54:02','2023-06-03 03:54:02'),(189,157,4,'2015-02-11','2023-06-03 03:54:02','2023-06-03 03:54:02'),(190,298,28,'2016-11-04','2023-06-03 03:54:02','2023-06-03 03:54:02'),(191,146,13,'2014-08-13','2023-06-03 03:54:02','2023-06-03 03:54:02'),(192,162,1,'2014-12-10','2023-06-03 03:54:02','2023-06-03 03:54:02'),(193,107,16,'2019-06-08','2023-06-03 03:54:02','2023-06-03 03:54:02'),(194,88,15,'2018-05-01','2023-06-03 03:54:02','2023-06-03 03:54:02'),(195,67,22,'2017-01-17','2023-06-03 03:54:02','2023-06-03 03:54:02'),(196,149,22,'2016-04-15','2023-06-03 03:54:02','2023-06-03 03:54:02'),(197,293,6,'2019-08-31','2023-06-03 03:54:02','2023-06-03 03:54:02'),(198,111,8,'2019-08-18','2023-06-03 03:54:02','2023-06-03 03:54:02'),(199,50,1,'2014-04-08','2023-06-03 03:54:02','2023-06-03 03:54:02'),(200,102,29,'2014-09-24','2023-06-03 03:54:02','2023-06-03 03:54:02'),(201,298,24,'2016-04-05','2023-06-03 03:54:02','2023-06-03 03:54:02'),(202,63,14,'2017-04-07','2023-06-03 03:54:02','2023-06-03 03:54:02'),(203,106,19,'2020-10-16','2023-06-03 03:54:02','2023-06-03 03:54:02'),(204,289,25,'2016-09-26','2023-06-03 03:54:02','2023-06-03 03:54:02'),(205,159,14,'2014-07-23','2023-06-03 03:54:02','2023-06-03 03:54:02'),(206,116,14,'2018-01-23','2023-06-03 03:54:02','2023-06-03 03:54:02'),(207,194,6,'2017-01-12','2023-06-03 03:54:02','2023-06-03 03:54:02'),(208,34,7,'2019-01-07','2023-06-03 03:54:02','2023-06-03 03:54:02'),(209,29,22,'2016-09-06','2023-06-03 03:54:02','2023-06-03 03:54:02'),(210,68,8,'2023-01-20','2023-06-03 03:54:02','2023-06-03 03:54:02'),(211,204,30,'2014-05-24','2023-06-03 03:54:02','2023-06-03 03:54:02'),(212,299,18,'2017-01-29','2023-06-03 03:54:02','2023-06-03 03:54:02'),(213,156,5,'2014-05-20','2023-06-03 03:54:02','2023-06-03 03:54:02'),(214,75,29,'2014-07-02','2023-06-03 03:54:02','2023-06-03 03:54:02'),(215,287,15,'2020-01-01','2023-06-03 03:54:02','2023-06-03 03:54:02'),(216,34,18,'2016-10-10','2023-06-03 03:54:02','2023-06-03 03:54:02'),(217,294,23,'2014-01-12','2023-06-03 03:54:02','2023-06-03 03:54:02'),(218,69,16,'2016-12-18','2023-06-03 03:54:02','2023-06-03 03:54:02'),(219,108,17,'2014-11-20','2023-06-03 03:54:02','2023-06-03 03:54:02'),(220,244,20,'2017-02-21','2023-06-03 03:54:02','2023-06-03 03:54:02'),(221,79,25,'2019-01-23','2023-06-03 03:54:02','2023-06-03 03:54:02'),(222,152,23,'2014-03-18','2023-06-03 03:54:02','2023-06-03 03:54:02'),(223,16,6,'2015-01-10','2023-06-03 03:54:02','2023-06-03 03:54:02'),(224,83,24,'2020-03-09','2023-06-03 03:54:02','2023-06-03 03:54:02'),(225,191,18,'2022-08-01','2023-06-03 03:54:02','2023-06-03 03:54:02'),(226,145,27,'2019-12-16','2023-06-03 03:54:02','2023-06-03 03:54:02'),(227,222,27,'2019-01-16','2023-06-03 03:54:02','2023-06-03 03:54:02'),(228,135,6,'2019-04-14','2023-06-03 03:54:02','2023-06-03 03:54:02'),(229,115,3,'2022-03-04','2023-06-03 03:54:02','2023-06-03 03:54:02'),(230,284,29,'2017-10-27','2023-06-03 03:54:02','2023-06-03 03:54:02'),(231,200,10,'2021-08-14','2023-06-03 03:54:02','2023-06-03 03:54:02'),(232,62,26,'2017-11-24','2023-06-03 03:54:02','2023-06-03 03:54:02'),(233,156,9,'2021-12-10','2023-06-03 03:54:02','2023-06-03 03:54:02'),(234,134,24,'2021-11-05','2023-06-03 03:54:02','2023-06-03 03:54:02'),(235,291,15,'2017-02-15','2023-06-03 03:54:02','2023-06-03 03:54:02'),(236,56,18,'2018-08-31','2023-06-03 03:54:02','2023-06-03 03:54:02'),(237,67,7,'2013-11-12','2023-06-03 03:54:02','2023-06-03 03:54:02'),(238,61,6,'2015-06-25','2023-06-03 03:54:02','2023-06-03 03:54:02'),(239,85,9,'2018-07-06','2023-06-03 03:54:02','2023-06-03 03:54:02'),(240,269,30,'2013-09-25','2023-06-03 03:54:02','2023-06-03 03:54:02'),(241,181,6,'2017-02-17','2023-06-03 03:54:02','2023-06-03 03:54:02'),(242,261,15,'2020-05-01','2023-06-03 03:54:02','2023-06-03 03:54:02'),(243,185,5,'2018-05-17','2023-06-03 03:54:02','2023-06-03 03:54:02'),(244,285,8,'2018-06-05','2023-06-03 03:54:02','2023-06-03 03:54:02'),(245,43,19,'2015-10-15','2023-06-03 03:54:02','2023-06-03 03:54:02'),(246,170,19,'2014-05-29','2023-06-03 03:54:02','2023-06-03 03:54:02'),(247,223,30,'2015-12-12','2023-06-03 03:54:02','2023-06-03 03:54:02'),(248,119,25,'2014-07-23','2023-06-03 03:54:02','2023-06-03 03:54:02'),(249,58,12,'2018-03-17','2023-06-03 03:54:02','2023-06-03 03:54:02'),(250,93,20,'2022-10-26','2023-06-03 03:54:02','2023-06-03 03:54:02'),(251,214,2,'2017-08-13','2023-06-03 03:54:02','2023-06-03 03:54:02'),(252,76,21,'2023-03-09','2023-06-03 03:54:02','2023-06-03 03:54:02'),(253,49,23,'2016-03-25','2023-06-03 03:54:02','2023-06-03 03:54:02'),(254,267,30,'2019-03-21','2023-06-03 03:54:02','2023-06-03 03:54:02'),(255,128,2,'2021-08-21','2023-06-03 03:54:02','2023-06-03 03:54:02'),(256,265,1,'2019-06-28','2023-06-03 03:54:02','2023-06-03 03:54:02'),(257,86,29,'2014-05-08','2023-06-03 03:54:02','2023-06-03 03:54:02'),(258,221,24,'2020-01-12','2023-06-03 03:54:02','2023-06-03 03:54:02'),(259,189,26,'2019-10-29','2023-06-03 03:54:02','2023-06-03 03:54:02'),(260,7,22,'2014-10-11','2023-06-03 03:54:02','2023-06-03 03:54:02'),(261,47,12,'2015-08-16','2023-06-03 03:54:02','2023-06-03 03:54:02'),(262,77,24,'2014-09-07','2023-06-03 03:54:02','2023-06-03 03:54:02'),(263,219,5,'2021-09-01','2023-06-03 03:54:02','2023-06-03 03:54:02'),(264,56,16,'2013-11-17','2023-06-03 03:54:02','2023-06-03 03:54:02'),(265,273,17,'2021-02-03','2023-06-03 03:54:02','2023-06-03 03:54:02'),(266,200,17,'2022-10-15','2023-06-03 03:54:02','2023-06-03 03:54:02'),(267,246,14,'2016-05-06','2023-06-03 03:54:02','2023-06-03 03:54:02'),(268,48,27,'2022-11-03','2023-06-03 03:54:02','2023-06-03 03:54:02'),(269,128,26,'2022-01-31','2023-06-03 03:54:02','2023-06-03 03:54:02'),(270,171,20,'2019-12-21','2023-06-03 03:54:02','2023-06-03 03:54:02'),(271,275,22,'2017-04-10','2023-06-03 03:54:02','2023-06-03 03:54:02'),(272,104,8,'2016-07-03','2023-06-03 03:54:02','2023-06-03 03:54:02'),(273,216,1,'2017-04-05','2023-06-03 03:54:02','2023-06-03 03:54:02'),(274,93,13,'2019-07-21','2023-06-03 03:54:02','2023-06-03 03:54:02'),(275,268,26,'2017-06-29','2023-06-03 03:54:02','2023-06-03 03:54:02'),(276,242,20,'2016-06-16','2023-06-03 03:54:02','2023-06-03 03:54:02'),(277,249,1,'2018-04-28','2023-06-03 03:54:02','2023-06-03 03:54:02'),(278,236,13,'2015-09-09','2023-06-03 03:54:02','2023-06-03 03:54:02'),(279,74,22,'2014-09-25','2023-06-03 03:54:02','2023-06-03 03:54:02'),(280,155,5,'2014-08-06','2023-06-03 03:54:02','2023-06-03 03:54:02'),(281,109,9,'2014-05-26','2023-06-03 03:54:02','2023-06-03 03:54:02'),(282,58,11,'2022-03-18','2023-06-03 03:54:02','2023-06-03 03:54:02'),(283,221,22,'2021-05-02','2023-06-03 03:54:02','2023-06-03 03:54:02'),(284,296,13,'2019-01-26','2023-06-03 03:54:02','2023-06-03 03:54:02'),(285,75,23,'2020-11-30','2023-06-03 03:54:02','2023-06-03 03:54:02'),(286,83,26,'2020-04-11','2023-06-03 03:54:02','2023-06-03 03:54:02'),(287,125,29,'2016-12-24','2023-06-03 03:54:02','2023-06-03 03:54:02'),(288,167,16,'2016-05-29','2023-06-03 03:54:02','2023-06-03 03:54:02'),(289,134,7,'2013-10-24','2023-06-03 03:54:02','2023-06-03 03:54:02'),(290,270,29,'2019-10-18','2023-06-03 03:54:02','2023-06-03 03:54:02'),(291,225,15,'2019-03-19','2023-06-03 03:54:02','2023-06-03 03:54:02'),(292,188,25,'2014-05-05','2023-06-03 03:54:02','2023-06-03 03:54:02'),(293,145,26,'2021-02-13','2023-06-03 03:54:02','2023-06-03 03:54:02'),(294,146,23,'2018-06-03','2023-06-03 03:54:02','2023-06-03 03:54:02'),(295,115,28,'2022-08-11','2023-06-03 03:54:02','2023-06-03 03:54:02'),(296,262,25,'2014-02-15','2023-06-03 03:54:02','2023-06-03 03:54:02'),(297,286,13,'2016-10-19','2023-06-03 03:54:02','2023-06-03 03:54:02'),(298,269,5,'2015-07-08','2023-06-03 03:54:02','2023-06-03 03:54:02'),(299,232,19,'2017-07-18','2023-06-03 03:54:02','2023-06-03 03:54:02'),(300,92,13,'2019-04-10','2023-06-03 03:54:02','2023-06-03 03:54:02');
/*!40000 ALTER TABLE `escribes` ENABLE KEYS */;
UNLOCK TABLES;

--
-- Table structure for table `failed_jobs`
--

DROP TABLE IF EXISTS `failed_jobs`;
/*!40101 SET @saved_cs_client     = @@character_set_client */;
/*!50503 SET character_set_client = utf8mb4 */;
CREATE TABLE `failed_jobs` (
  `id` bigint unsigned NOT NULL AUTO_INCREMENT,
  `uuid` varchar(255) COLLATE utf8mb4_unicode_ci NOT NULL,
  `connection` text COLLATE utf8mb4_unicode_ci NOT NULL,
  `queue` text COLLATE utf8mb4_unicode_ci NOT NULL,
  `payload` longtext COLLATE utf8mb4_unicode_ci NOT NULL,
  `exception` longtext COLLATE utf8mb4_unicode_ci NOT NULL,
  `failed_at` timestamp NOT NULL DEFAULT CURRENT_TIMESTAMP,
  PRIMARY KEY (`id`),
  UNIQUE KEY `failed_jobs_uuid_unique` (`uuid`)
) ENGINE=InnoDB DEFAULT CHARSET=utf8mb4 COLLATE=utf8mb4_unicode_ci;
/*!40101 SET character_set_client = @saved_cs_client */;

--
-- Dumping data for table `failed_jobs`
--

LOCK TABLES `failed_jobs` WRITE;
/*!40000 ALTER TABLE `failed_jobs` DISABLE KEYS */;
/*!40000 ALTER TABLE `failed_jobs` ENABLE KEYS */;
UNLOCK TABLES;

--
-- Table structure for table `libros`
--

DROP TABLE IF EXISTS `libros`;
/*!40101 SET @saved_cs_client     = @@character_set_client */;
/*!50503 SET character_set_client = utf8mb4 */;
CREATE TABLE `libros` (
  `id` bigint unsigned NOT NULL AUTO_INCREMENT,
  `nombre_libro` varchar(255) COLLATE utf8mb4_unicode_ci NOT NULL,
  `numero_paginas` int NOT NULL,
  `fecha_publicacion` date NOT NULL,
  `id_categoria` bigint unsigned NOT NULL,
  `id_editorial` bigint unsigned NOT NULL,
  `created_at` timestamp NULL DEFAULT NULL,
  `updated_at` timestamp NULL DEFAULT NULL,
  PRIMARY KEY (`id`),
  KEY `libros_id_categoria_foreign` (`id_categoria`),
  KEY `libros_id_editorial_foreign` (`id_editorial`),
  CONSTRAINT `libros_id_categoria_foreign` FOREIGN KEY (`id_categoria`) REFERENCES `categorias` (`id`),
  CONSTRAINT `libros_id_editorial_foreign` FOREIGN KEY (`id_editorial`) REFERENCES `editorials` (`id`)
) ENGINE=InnoDB AUTO_INCREMENT=301 DEFAULT CHARSET=utf8mb4 COLLATE=utf8mb4_unicode_ci;
/*!40101 SET character_set_client = @saved_cs_client */;

--
-- Dumping data for table `libros`
--

LOCK TABLES `libros` WRITE;
/*!40000 ALTER TABLE `libros` DISABLE KEYS */;
INSERT INTO `libros` VALUES (1,'Kelly Boyer',228,'2015-08-03',6,6,'2023-06-03 03:53:31','2023-06-03 03:53:31'),(2,'Mrs. Tatyana McLaughlin',782,'2017-01-15',13,16,'2023-06-03 03:53:31','2023-06-03 03:53:31'),(3,'Magdalen Price',681,'2020-01-08',4,5,'2023-06-03 03:53:31','2023-06-03 03:53:31'),(4,'Alverta Macejkovic',618,'2013-06-12',13,11,'2023-06-03 03:53:31','2023-06-03 03:53:31'),(5,'Cindy Price',674,'2017-10-05',5,13,'2023-06-03 03:53:31','2023-06-03 03:53:31'),(6,'Samir Miller',774,'2022-12-03',2,1,'2023-06-03 03:53:31','2023-06-03 03:53:31'),(7,'Dr. Guido Ernser DVM',645,'2019-11-08',11,17,'2023-06-03 03:53:31','2023-06-03 03:53:31'),(8,'Mr. Keon Halvorson',692,'2017-07-02',12,14,'2023-06-03 03:53:31','2023-06-03 03:53:31'),(9,'Maudie Koepp I',911,'2021-05-03',6,13,'2023-06-03 03:53:31','2023-06-03 03:53:31'),(10,'Chaz Krajcik',174,'2014-01-13',2,3,'2023-06-03 03:53:31','2023-06-03 03:53:31'),(11,'Delta Jacobs',358,'2020-01-07',14,15,'2023-06-03 03:53:31','2023-06-03 03:53:31'),(12,'Zoie Strosin',190,'2016-08-25',13,10,'2023-06-03 03:53:31','2023-06-03 03:53:31'),(13,'Cecilia Watsica',906,'2021-12-08',9,14,'2023-06-03 03:53:31','2023-06-03 03:53:31'),(14,'Lysanne Rowe',925,'2018-04-13',13,10,'2023-06-03 03:53:31','2023-06-03 03:53:31'),(15,'Hayden Littel',643,'2016-11-13',1,10,'2023-06-03 03:53:31','2023-06-03 03:53:31'),(16,'Omari Denesik',577,'2022-04-07',15,16,'2023-06-03 03:53:31','2023-06-03 03:53:31'),(17,'Thomas Lockman PhD',519,'2018-01-16',12,16,'2023-06-03 03:53:31','2023-06-03 03:53:31'),(18,'Delbert Williamson IV',968,'2018-05-07',12,20,'2023-06-03 03:53:31','2023-06-03 03:53:31'),(19,'Reid Torphy',306,'2019-11-30',13,1,'2023-06-03 03:53:31','2023-06-03 03:53:31'),(20,'Dasia McKenzie',977,'2022-06-10',10,14,'2023-06-03 03:53:31','2023-06-03 03:53:31'),(21,'Dr. Stan Nienow',580,'2021-05-21',2,9,'2023-06-03 03:53:31','2023-06-03 03:53:31'),(22,'Ansel Mills DVM',808,'2013-09-26',7,2,'2023-06-03 03:53:31','2023-06-03 03:53:31'),(23,'Rosanna Gorczany',625,'2015-03-10',14,10,'2023-06-03 03:53:31','2023-06-03 03:53:31'),(24,'Ian Hermann',362,'2017-10-29',9,10,'2023-06-03 03:53:31','2023-06-03 03:53:31'),(25,'Stephany Swift',513,'2013-09-09',14,13,'2023-06-03 03:53:31','2023-06-03 03:53:31'),(26,'Dr. Emerald Pouros',222,'2022-10-22',15,17,'2023-06-03 03:53:31','2023-06-03 03:53:31'),(27,'Orlo Bartoletti',974,'2014-02-09',3,1,'2023-06-03 03:53:31','2023-06-03 03:53:31'),(28,'Prof. Jon Roob',133,'2021-01-15',7,14,'2023-06-03 03:53:31','2023-06-03 03:53:31'),(29,'Mac Beier',862,'2013-08-29',6,15,'2023-06-03 03:53:31','2023-06-03 03:53:31'),(30,'Grover Lebsack',982,'2016-09-07',8,18,'2023-06-03 03:53:31','2023-06-03 03:53:31'),(31,'Krystina Swaniawski',990,'2019-09-03',2,13,'2023-06-03 03:53:31','2023-06-03 03:53:31'),(32,'Tiffany Lindgren',919,'2019-08-06',12,6,'2023-06-03 03:53:31','2023-06-03 03:53:31'),(33,'Prof. Everett Reichel',210,'2014-09-04',3,1,'2023-06-03 03:53:31','2023-06-03 03:53:31'),(34,'Collin Senger III',386,'2022-04-07',1,8,'2023-06-03 03:53:31','2023-06-03 03:53:31'),(35,'Amiya D\'Amore',668,'2016-07-01',1,10,'2023-06-03 03:53:31','2023-06-03 03:53:31'),(36,'Otho Gaylord DVM',188,'2019-11-28',1,20,'2023-06-03 03:53:31','2023-06-03 03:53:31'),(37,'Rosella Hudson I',621,'2020-08-16',3,14,'2023-06-03 03:53:31','2023-06-03 03:53:31'),(38,'Haley Price',145,'2017-04-07',9,18,'2023-06-03 03:53:31','2023-06-03 03:53:31'),(39,'Sherwood Ward',768,'2022-09-14',5,2,'2023-06-03 03:53:31','2023-06-03 03:53:31'),(40,'Heber Turcotte',149,'2016-04-20',5,14,'2023-06-03 03:53:31','2023-06-03 03:53:31'),(41,'Dr. Lesley Bergnaum Jr.',910,'2022-01-23',8,5,'2023-06-03 03:53:31','2023-06-03 03:53:31'),(42,'Ms. Evie Cassin I',143,'2016-06-23',8,15,'2023-06-03 03:53:31','2023-06-03 03:53:31'),(43,'Lionel White Jr.',419,'2014-02-24',13,7,'2023-06-03 03:53:31','2023-06-03 03:53:31'),(44,'Lorenza Toy',104,'2021-01-22',11,13,'2023-06-03 03:53:31','2023-06-03 03:53:31'),(45,'Torrey Legros',923,'2014-12-12',7,1,'2023-06-03 03:53:31','2023-06-03 03:53:31'),(46,'Prof. Santos Reichert',716,'2020-10-27',11,20,'2023-06-03 03:53:31','2023-06-03 03:53:31'),(47,'Ibrahim Bechtelar',198,'2021-11-09',9,17,'2023-06-03 03:53:31','2023-06-03 03:53:31'),(48,'Prof. Tess Kohler',250,'2017-05-10',1,1,'2023-06-03 03:53:31','2023-06-03 03:53:31'),(49,'Lincoln O\'Keefe V',271,'2020-06-21',2,16,'2023-06-03 03:53:31','2023-06-03 03:53:31'),(50,'Freeda Smith',205,'2020-05-03',10,20,'2023-06-03 03:53:31','2023-06-03 03:53:31'),(51,'Stephany Howe DVM',376,'2013-10-07',7,6,'2023-06-03 03:53:31','2023-06-03 03:53:31'),(52,'Walter Dibbert',258,'2017-01-06',4,20,'2023-06-03 03:53:31','2023-06-03 03:53:31'),(53,'Heidi Tromp',264,'2021-02-13',3,14,'2023-06-03 03:53:31','2023-06-03 03:53:31'),(54,'Dr. Sterling Bergnaum Sr.',273,'2021-09-19',2,1,'2023-06-03 03:53:31','2023-06-03 03:53:31'),(55,'Tobin Sauer I',612,'2016-08-22',10,4,'2023-06-03 03:53:31','2023-06-03 03:53:31'),(56,'Agustina Weber',548,'2017-02-15',1,14,'2023-06-03 03:53:31','2023-06-03 03:53:31'),(57,'Paolo Homenick',447,'2015-06-26',9,10,'2023-06-03 03:53:31','2023-06-03 03:53:31'),(58,'Richie Baumbach',721,'2021-11-07',1,16,'2023-06-03 03:53:31','2023-06-03 03:53:31'),(59,'Leopold Schaden',318,'2020-02-12',14,18,'2023-06-03 03:53:31','2023-06-03 03:53:31'),(60,'Tommie Prohaska',278,'2014-05-21',14,8,'2023-06-03 03:53:31','2023-06-03 03:53:31'),(61,'Mrs. Adah Becker',131,'2022-05-15',3,16,'2023-06-03 03:53:31','2023-06-03 03:53:31'),(62,'Prof. Hadley Haley III',646,'2019-05-23',1,10,'2023-06-03 03:53:31','2023-06-03 03:53:31'),(63,'Rod Bednar',172,'2021-08-09',9,1,'2023-06-03 03:53:31','2023-06-03 03:53:31'),(64,'Mr. Stanton Schoen',367,'2019-11-28',12,10,'2023-06-03 03:53:31','2023-06-03 03:53:31'),(65,'Mrs. Rosie Renner',870,'2015-06-06',15,1,'2023-06-03 03:53:31','2023-06-03 03:53:31'),(66,'Ransom Fahey',265,'2022-11-26',14,2,'2023-06-03 03:53:31','2023-06-03 03:53:31'),(67,'Demario Armstrong',532,'2023-04-08',5,13,'2023-06-03 03:53:31','2023-06-03 03:53:31'),(68,'Fernando Hackett',470,'2020-08-14',6,13,'2023-06-03 03:53:31','2023-06-03 03:53:31'),(69,'Mr. Guillermo Medhurst Sr.',708,'2022-09-27',4,15,'2023-06-03 03:53:31','2023-06-03 03:53:31'),(70,'Dr. Kendra Beier',636,'2022-05-08',10,5,'2023-06-03 03:53:31','2023-06-03 03:53:31'),(71,'Prof. Lexus Koss',584,'2017-08-03',6,12,'2023-06-03 03:53:31','2023-06-03 03:53:31'),(72,'Tanya Walker',284,'2016-05-09',13,18,'2023-06-03 03:53:31','2023-06-03 03:53:31'),(73,'Letitia Sipes',529,'2014-04-24',6,1,'2023-06-03 03:53:31','2023-06-03 03:53:31'),(74,'Mr. Donald Friesen PhD',127,'2017-09-07',13,5,'2023-06-03 03:53:31','2023-06-03 03:53:31'),(75,'Cathy Gleichner',470,'2018-03-02',4,9,'2023-06-03 03:53:31','2023-06-03 03:53:31'),(76,'Kyle Senger',545,'2020-09-26',13,5,'2023-06-03 03:53:31','2023-06-03 03:53:31'),(77,'Dr. Sylvan Shields',751,'2014-06-03',15,4,'2023-06-03 03:53:31','2023-06-03 03:53:31'),(78,'Miss Tamara Koelpin',363,'2015-04-15',11,12,'2023-06-03 03:53:31','2023-06-03 03:53:31'),(79,'Uriah Schmeler',214,'2013-07-27',8,2,'2023-06-03 03:53:31','2023-06-03 03:53:31'),(80,'Bryce Mosciski',888,'2015-06-11',4,5,'2023-06-03 03:53:31','2023-06-03 03:53:31'),(81,'Emerald Conroy',469,'2018-10-03',11,2,'2023-06-03 03:53:32','2023-06-03 03:53:32'),(82,'Bennie Johnson',771,'2019-01-21',7,18,'2023-06-03 03:53:32','2023-06-03 03:53:32'),(83,'Octavia McKenzie',277,'2021-10-18',15,10,'2023-06-03 03:53:32','2023-06-03 03:53:32'),(84,'Dr. Nannie Brown I',614,'2016-10-19',13,13,'2023-06-03 03:53:32','2023-06-03 03:53:32'),(85,'Idella Block',933,'2015-03-27',6,7,'2023-06-03 03:53:32','2023-06-03 03:53:32'),(86,'Mose Johnson',628,'2018-08-31',12,8,'2023-06-03 03:53:32','2023-06-03 03:53:32'),(87,'Shane Marks IV',574,'2019-04-04',11,7,'2023-06-03 03:53:32','2023-06-03 03:53:32'),(88,'Emie Hermann',628,'2020-08-18',10,1,'2023-06-03 03:53:32','2023-06-03 03:53:32'),(89,'Adelle Satterfield',865,'2023-03-10',14,13,'2023-06-03 03:53:32','2023-06-03 03:53:32'),(90,'Wyatt Nolan',574,'2014-04-29',12,7,'2023-06-03 03:53:32','2023-06-03 03:53:32'),(91,'Dante Abshire',581,'2017-11-15',3,3,'2023-06-03 03:53:32','2023-06-03 03:53:32'),(92,'Alexandrine Johnson',313,'2019-06-12',8,20,'2023-06-03 03:53:32','2023-06-03 03:53:32'),(93,'Jaunita Hammes',392,'2022-02-22',13,12,'2023-06-03 03:53:32','2023-06-03 03:53:32'),(94,'Jayda Maggio',533,'2020-09-16',4,1,'2023-06-03 03:53:32','2023-06-03 03:53:32'),(95,'Weston Gulgowski',371,'2023-05-18',3,8,'2023-06-03 03:53:32','2023-06-03 03:53:32'),(96,'Omer Schinner',792,'2021-07-19',10,9,'2023-06-03 03:53:32','2023-06-03 03:53:32'),(97,'Abby Krajcik II',760,'2022-09-12',15,18,'2023-06-03 03:53:32','2023-06-03 03:53:32'),(98,'Norene Lockman',473,'2020-07-11',10,12,'2023-06-03 03:53:32','2023-06-03 03:53:32'),(99,'Adriel Bogan',193,'2014-07-15',7,12,'2023-06-03 03:53:32','2023-06-03 03:53:32'),(100,'Jeremy Osinski',913,'2015-11-07',15,14,'2023-06-03 03:53:32','2023-06-03 03:53:32'),(101,'Guillermo Torp',216,'2013-06-07',11,11,'2023-06-03 03:53:32','2023-06-03 03:53:32'),(102,'Hershel Dare',495,'2020-05-19',4,19,'2023-06-03 03:53:32','2023-06-03 03:53:32'),(103,'Prof. Amparo Williamson III',516,'2015-06-26',5,6,'2023-06-03 03:53:32','2023-06-03 03:53:32'),(104,'Austin McDermott',505,'2019-06-20',4,12,'2023-06-03 03:53:32','2023-06-03 03:53:32'),(105,'Alicia Johns',238,'2014-01-10',10,5,'2023-06-03 03:53:32','2023-06-03 03:53:32'),(106,'Clay Ullrich V',350,'2013-06-29',14,8,'2023-06-03 03:53:32','2023-06-03 03:53:32'),(107,'Marlee Murphy',577,'2017-03-31',9,20,'2023-06-03 03:53:32','2023-06-03 03:53:32'),(108,'Ms. Hilda Kuhic II',925,'2020-05-24',11,14,'2023-06-03 03:53:32','2023-06-03 03:53:32'),(109,'Dr. Amely Goldner Sr.',986,'2013-11-08',3,16,'2023-06-03 03:53:32','2023-06-03 03:53:32'),(110,'Miss Alanna Schmidt',282,'2019-07-05',12,4,'2023-06-03 03:53:32','2023-06-03 03:53:32'),(111,'Muhammad Moen',978,'2015-11-14',7,19,'2023-06-03 03:53:32','2023-06-03 03:53:32'),(112,'Celine Wisoky',303,'2023-04-30',8,2,'2023-06-03 03:53:32','2023-06-03 03:53:32'),(113,'Miss Angie Maggio DVM',366,'2021-04-13',14,19,'2023-06-03 03:53:32','2023-06-03 03:53:32'),(114,'Nelle Hodkiewicz',794,'2013-07-09',7,12,'2023-06-03 03:53:32','2023-06-03 03:53:32'),(115,'Einar Schamberger Jr.',798,'2022-11-11',3,10,'2023-06-03 03:53:32','2023-06-03 03:53:32'),(116,'Alene Morissette',562,'2021-10-31',2,12,'2023-06-03 03:53:32','2023-06-03 03:53:32'),(117,'Afton Pfannerstill',599,'2017-06-26',13,6,'2023-06-03 03:53:32','2023-06-03 03:53:32'),(118,'Larue Tremblay',549,'2018-06-24',4,13,'2023-06-03 03:53:32','2023-06-03 03:53:32'),(119,'Elbert O\'Keefe',260,'2020-10-05',15,20,'2023-06-03 03:53:32','2023-06-03 03:53:32'),(120,'Delphine Hintz',817,'2023-05-20',12,6,'2023-06-03 03:53:32','2023-06-03 03:53:32'),(121,'Kelsi Boyer',580,'2014-01-12',7,2,'2023-06-03 03:53:32','2023-06-03 03:53:32'),(122,'Vivienne Prosacco',239,'2016-10-28',9,18,'2023-06-03 03:53:32','2023-06-03 03:53:32'),(123,'Norberto Friesen',627,'2017-06-11',6,19,'2023-06-03 03:53:32','2023-06-03 03:53:32'),(124,'Prof. Jaquan Padberg',849,'2015-07-30',14,18,'2023-06-03 03:53:32','2023-06-03 03:53:32'),(125,'Raoul Boyer',391,'2015-11-10',8,2,'2023-06-03 03:53:32','2023-06-03 03:53:32'),(126,'Shayne Weissnat DVM',539,'2017-05-21',10,11,'2023-06-03 03:53:32','2023-06-03 03:53:32'),(127,'Darlene Morissette IV',980,'2019-05-29',1,10,'2023-06-03 03:53:32','2023-06-03 03:53:32'),(128,'Arnaldo Rice',723,'2015-01-10',12,10,'2023-06-03 03:53:32','2023-06-03 03:53:32'),(129,'Mr. Cruz Weimann V',994,'2017-05-03',6,4,'2023-06-03 03:53:32','2023-06-03 03:53:32'),(130,'Shane Homenick',250,'2016-03-20',15,12,'2023-06-03 03:53:32','2023-06-03 03:53:32'),(131,'Elfrieda Gusikowski',578,'2013-11-06',2,1,'2023-06-03 03:53:32','2023-06-03 03:53:32'),(132,'Heber Barton',291,'2022-11-08',9,18,'2023-06-03 03:53:32','2023-06-03 03:53:32'),(133,'Pete Jerde DDS',757,'2021-05-10',15,16,'2023-06-03 03:53:32','2023-06-03 03:53:32'),(134,'Art Pouros PhD',433,'2015-03-19',2,16,'2023-06-03 03:53:32','2023-06-03 03:53:32'),(135,'Yasmine Towne',115,'2016-08-03',2,20,'2023-06-03 03:53:32','2023-06-03 03:53:32'),(136,'Dr. Emilia Johnson',229,'2016-11-14',1,20,'2023-06-03 03:53:32','2023-06-03 03:53:32'),(137,'Anahi Monahan',911,'2022-07-20',3,17,'2023-06-03 03:53:32','2023-06-03 03:53:32'),(138,'Abel Purdy',506,'2021-03-11',6,13,'2023-06-03 03:53:32','2023-06-03 03:53:32'),(139,'Anita Balistreri',641,'2020-04-21',13,11,'2023-06-03 03:53:32','2023-06-03 03:53:32'),(140,'Kaley McDermott',177,'2020-02-24',4,18,'2023-06-03 03:53:32','2023-06-03 03:53:32'),(141,'Adam White',940,'2014-04-05',14,1,'2023-06-03 03:53:32','2023-06-03 03:53:32'),(142,'Lloyd Anderson',964,'2017-03-03',14,3,'2023-06-03 03:53:32','2023-06-03 03:53:32'),(143,'Morgan Dare',653,'2017-01-08',15,12,'2023-06-03 03:53:32','2023-06-03 03:53:32'),(144,'Miss Clotilde Lebsack',760,'2023-04-17',1,10,'2023-06-03 03:53:32','2023-06-03 03:53:32'),(145,'Felix Homenick',441,'2018-05-12',1,8,'2023-06-03 03:53:32','2023-06-03 03:53:32'),(146,'Dr. Mable Barrows',1000,'2022-06-15',1,13,'2023-06-03 03:53:32','2023-06-03 03:53:32'),(147,'Beverly Cummings',717,'2014-02-27',8,9,'2023-06-03 03:53:32','2023-06-03 03:53:32'),(148,'Birdie Carroll',575,'2014-12-06',9,2,'2023-06-03 03:53:32','2023-06-03 03:53:32'),(149,'Maxime Jacobs',382,'2015-08-22',11,7,'2023-06-03 03:53:32','2023-06-03 03:53:32'),(150,'Lexus Hagenes',615,'2015-01-02',5,13,'2023-06-03 03:53:32','2023-06-03 03:53:32'),(151,'Mr. Scotty Batz Jr.',142,'2014-08-02',2,10,'2023-06-03 03:53:32','2023-06-03 03:53:32'),(152,'Bernardo Lockman',791,'2022-06-10',1,7,'2023-06-03 03:53:32','2023-06-03 03:53:32'),(153,'Mr. Lee Barton',753,'2014-08-11',3,18,'2023-06-03 03:53:32','2023-06-03 03:53:32'),(154,'Ima Vandervort',170,'2015-09-02',12,19,'2023-06-03 03:53:32','2023-06-03 03:53:32'),(155,'Heather Gaylord',954,'2015-09-26',10,1,'2023-06-03 03:53:32','2023-06-03 03:53:32'),(156,'Prof. Odie Fritsch IV',277,'2018-10-12',10,5,'2023-06-03 03:53:32','2023-06-03 03:53:32'),(157,'Madison Rutherford Sr.',100,'2017-08-29',4,5,'2023-06-03 03:53:32','2023-06-03 03:53:32'),(158,'Miss Reta Klocko Sr.',984,'2014-07-03',1,17,'2023-06-03 03:53:32','2023-06-03 03:53:32'),(159,'Emmitt Graham',604,'2017-10-06',3,2,'2023-06-03 03:53:32','2023-06-03 03:53:32'),(160,'Rachelle Ortiz V',372,'2019-10-03',8,3,'2023-06-03 03:53:32','2023-06-03 03:53:32'),(161,'Dr. Cheyanne White DDS',870,'2021-07-21',1,12,'2023-06-03 03:53:32','2023-06-03 03:53:32'),(162,'Heather Reilly',245,'2016-07-08',7,3,'2023-06-03 03:53:32','2023-06-03 03:53:32'),(163,'Devonte Kreiger',649,'2019-12-13',7,9,'2023-06-03 03:53:32','2023-06-03 03:53:32'),(164,'Mona Moen',818,'2020-11-26',14,18,'2023-06-03 03:53:32','2023-06-03 03:53:32'),(165,'Casey Nikolaus',194,'2019-03-17',10,5,'2023-06-03 03:53:32','2023-06-03 03:53:32'),(166,'Arvilla Walker',666,'2023-02-03',10,20,'2023-06-03 03:53:32','2023-06-03 03:53:32'),(167,'Dejuan Goyette',673,'2014-06-26',11,20,'2023-06-03 03:53:32','2023-06-03 03:53:32'),(168,'Dr. Norbert Ledner',642,'2014-11-11',13,15,'2023-06-03 03:53:32','2023-06-03 03:53:32'),(169,'Thurman Boyer III',863,'2017-10-17',7,5,'2023-06-03 03:53:32','2023-06-03 03:53:32'),(170,'Leonora Spencer I',546,'2019-10-12',7,3,'2023-06-03 03:53:32','2023-06-03 03:53:32'),(171,'Mr. Shane Thiel Sr.',598,'2019-08-01',15,4,'2023-06-03 03:53:32','2023-06-03 03:53:32'),(172,'Mr. Toni Mohr IV',187,'2014-07-12',3,4,'2023-06-03 03:53:32','2023-06-03 03:53:32'),(173,'Jessika Sipes',858,'2018-01-15',2,20,'2023-06-03 03:53:32','2023-06-03 03:53:32'),(174,'Mustafa Homenick',505,'2015-12-05',7,5,'2023-06-03 03:53:32','2023-06-03 03:53:32'),(175,'Mr. Akeem Parker',649,'2021-02-26',12,5,'2023-06-03 03:53:32','2023-06-03 03:53:32'),(176,'Audra Feeney DDS',482,'2017-11-22',3,4,'2023-06-03 03:53:32','2023-06-03 03:53:32'),(177,'Frederic Weimann',642,'2018-12-02',6,11,'2023-06-03 03:53:32','2023-06-03 03:53:32'),(178,'Gerard Cole',577,'2013-08-28',1,9,'2023-06-03 03:53:32','2023-06-03 03:53:32'),(179,'Erin Aufderhar PhD',284,'2019-02-15',10,1,'2023-06-03 03:53:32','2023-06-03 03:53:32'),(180,'Prof. Kitty Fadel I',460,'2016-11-21',4,16,'2023-06-03 03:53:32','2023-06-03 03:53:32'),(181,'Miss Lavada Emard',878,'2013-11-17',13,18,'2023-06-03 03:53:32','2023-06-03 03:53:32'),(182,'Prof. Reba Kautzer Sr.',285,'2021-10-07',4,17,'2023-06-03 03:53:32','2023-06-03 03:53:32'),(183,'Anais Bahringer',738,'2023-02-15',9,1,'2023-06-03 03:53:32','2023-06-03 03:53:32'),(184,'Stefanie Sipes',526,'2020-04-11',6,4,'2023-06-03 03:53:32','2023-06-03 03:53:32'),(185,'Alexandrine Von',500,'2014-08-18',5,9,'2023-06-03 03:53:32','2023-06-03 03:53:32'),(186,'Emie Cartwright',511,'2014-04-05',9,11,'2023-06-03 03:53:32','2023-06-03 03:53:32'),(187,'Micaela Greenfelder',215,'2015-01-26',5,6,'2023-06-03 03:53:32','2023-06-03 03:53:32'),(188,'Presley Steuber I',403,'2013-12-26',4,18,'2023-06-03 03:53:32','2023-06-03 03:53:32'),(189,'Sarai Franecki I',616,'2022-03-20',10,12,'2023-06-03 03:53:32','2023-06-03 03:53:32'),(190,'Dr. Jerel Kozey',787,'2020-01-05',1,11,'2023-06-03 03:53:32','2023-06-03 03:53:32'),(191,'Prof. Luis Reichel',581,'2014-02-27',10,18,'2023-06-03 03:53:32','2023-06-03 03:53:32'),(192,'Annabelle Feest',628,'2015-10-21',13,2,'2023-06-03 03:53:32','2023-06-03 03:53:32'),(193,'Edgardo Ullrich',200,'2013-08-06',4,11,'2023-06-03 03:53:32','2023-06-03 03:53:32'),(194,'Mathilde Bashirian',788,'2018-08-16',7,10,'2023-06-03 03:53:32','2023-06-03 03:53:32'),(195,'Darion Predovic',684,'2017-09-06',10,16,'2023-06-03 03:53:32','2023-06-03 03:53:32'),(196,'Jeffrey D\'Amore',504,'2018-10-13',2,17,'2023-06-03 03:53:32','2023-06-03 03:53:32'),(197,'Dina Moore IV',518,'2021-03-08',5,12,'2023-06-03 03:53:32','2023-06-03 03:53:32'),(198,'Chanelle Zemlak',531,'2013-09-07',12,8,'2023-06-03 03:53:32','2023-06-03 03:53:32'),(199,'Frida Hane',547,'2013-06-30',7,7,'2023-06-03 03:53:32','2023-06-03 03:53:32'),(200,'Prof. Alfred Collins',643,'2022-11-25',2,13,'2023-06-03 03:53:32','2023-06-03 03:53:32'),(201,'Dr. Terrence Lesch IV',665,'2019-03-10',11,9,'2023-06-03 03:53:32','2023-06-03 03:53:32'),(202,'Kallie Willms',320,'2020-06-29',13,14,'2023-06-03 03:53:32','2023-06-03 03:53:32'),(203,'Wilfredo Howell',881,'2018-05-05',9,16,'2023-06-03 03:53:32','2023-06-03 03:53:32'),(204,'Carlo Murray',472,'2019-03-24',4,8,'2023-06-03 03:53:32','2023-06-03 03:53:32'),(205,'Caitlyn Roberts',427,'2019-01-17',5,16,'2023-06-03 03:53:32','2023-06-03 03:53:32'),(206,'Amely Boehm',293,'2015-06-16',2,20,'2023-06-03 03:53:32','2023-06-03 03:53:32'),(207,'Julius Schaefer',188,'2020-05-05',13,15,'2023-06-03 03:53:32','2023-06-03 03:53:32'),(208,'Geoffrey Lynch',535,'2019-10-22',15,9,'2023-06-03 03:53:32','2023-06-03 03:53:32'),(209,'Dr. Kathryn Aufderhar',500,'2013-11-25',11,9,'2023-06-03 03:53:32','2023-06-03 03:53:32'),(210,'Elwyn Tremblay',985,'2020-09-05',5,20,'2023-06-03 03:53:32','2023-06-03 03:53:32'),(211,'Adelle Bauch',402,'2022-06-05',8,3,'2023-06-03 03:53:32','2023-06-03 03:53:32'),(212,'Linnea O\'Reilly',238,'2014-11-10',7,5,'2023-06-03 03:53:32','2023-06-03 03:53:32'),(213,'Ernestina Waelchi',644,'2018-09-13',5,7,'2023-06-03 03:53:32','2023-06-03 03:53:32'),(214,'Johann Greenholt',391,'2014-08-10',11,15,'2023-06-03 03:53:32','2023-06-03 03:53:32'),(215,'Ayla Heaney',515,'2022-04-28',15,1,'2023-06-03 03:53:32','2023-06-03 03:53:32'),(216,'Hailie Wilderman',681,'2020-11-27',14,8,'2023-06-03 03:53:32','2023-06-03 03:53:32'),(217,'Alphonso Herzog I',475,'2014-11-26',12,5,'2023-06-03 03:53:32','2023-06-03 03:53:32'),(218,'Aliya Grimes',807,'2018-05-02',3,19,'2023-06-03 03:53:32','2023-06-03 03:53:32'),(219,'Casimer Abshire',465,'2013-07-20',10,20,'2023-06-03 03:53:32','2023-06-03 03:53:32'),(220,'Prof. Alexandre Howe',702,'2017-10-08',6,11,'2023-06-03 03:53:32','2023-06-03 03:53:32'),(221,'Mabel Buckridge',444,'2016-09-27',1,14,'2023-06-03 03:53:32','2023-06-03 03:53:32'),(222,'Ashley Morissette',604,'2021-01-18',9,10,'2023-06-03 03:53:32','2023-06-03 03:53:32'),(223,'Yadira Beahan',145,'2019-02-07',5,16,'2023-06-03 03:53:32','2023-06-03 03:53:32'),(224,'Kaleigh Schmeler',559,'2021-02-01',13,11,'2023-06-03 03:53:32','2023-06-03 03:53:32'),(225,'Magdalen Skiles V',259,'2016-12-21',12,18,'2023-06-03 03:53:32','2023-06-03 03:53:32'),(226,'Mr. Taurean Hills Jr.',476,'2021-07-14',1,11,'2023-06-03 03:53:32','2023-06-03 03:53:32'),(227,'David Roberts',684,'2014-02-01',9,14,'2023-06-03 03:53:32','2023-06-03 03:53:32'),(228,'Lisette Marvin',759,'2013-07-30',8,12,'2023-06-03 03:53:32','2023-06-03 03:53:32'),(229,'Lorena Gusikowski',529,'2015-08-15',11,10,'2023-06-03 03:53:32','2023-06-03 03:53:32'),(230,'Prof. Adriel Borer',120,'2021-06-17',5,4,'2023-06-03 03:53:32','2023-06-03 03:53:32'),(231,'Ms. Julianne Lindgren III',590,'2017-07-24',12,17,'2023-06-03 03:53:32','2023-06-03 03:53:32'),(232,'Libby Weber',947,'2013-12-29',4,6,'2023-06-03 03:53:32','2023-06-03 03:53:32'),(233,'Dr. Monserrate Waelchi I',194,'2022-11-26',15,3,'2023-06-03 03:53:32','2023-06-03 03:53:32'),(234,'Alphonso Simonis',703,'2020-09-18',5,17,'2023-06-03 03:53:32','2023-06-03 03:53:32'),(235,'Alva Tillman',157,'2019-01-10',9,18,'2023-06-03 03:53:32','2023-06-03 03:53:32'),(236,'Celine Goyette',314,'2013-07-25',4,12,'2023-06-03 03:53:32','2023-06-03 03:53:32'),(237,'Hosea Kunde',829,'2021-04-04',3,13,'2023-06-03 03:53:32','2023-06-03 03:53:32'),(238,'Beverly Hansen',440,'2015-11-01',2,14,'2023-06-03 03:53:32','2023-06-03 03:53:32'),(239,'Providenci Swaniawski III',537,'2022-03-21',2,16,'2023-06-03 03:53:32','2023-06-03 03:53:32'),(240,'Casey Monahan',730,'2013-09-16',3,6,'2023-06-03 03:53:32','2023-06-03 03:53:32'),(241,'Hulda Fisher',655,'2013-08-08',14,8,'2023-06-03 03:53:32','2023-06-03 03:53:32'),(242,'Dr. Aileen Halvorson',263,'2017-06-29',3,6,'2023-06-03 03:53:32','2023-06-03 03:53:32'),(243,'Dr. Lawson Altenwerth I',644,'2014-05-20',2,1,'2023-06-03 03:53:32','2023-06-03 03:53:32'),(244,'Mrs. Melba Fadel',434,'2019-02-11',8,2,'2023-06-03 03:53:32','2023-06-03 03:53:32'),(245,'Hazel Murazik',386,'2015-01-05',13,17,'2023-06-03 03:53:32','2023-06-03 03:53:32'),(246,'Ms. Aileen Jacobson DDS',557,'2015-07-02',7,19,'2023-06-03 03:53:32','2023-06-03 03:53:32'),(247,'Prof. Frances Jerde',264,'2023-01-29',5,17,'2023-06-03 03:53:32','2023-06-03 03:53:32'),(248,'Sallie Cronin',139,'2017-01-05',6,13,'2023-06-03 03:53:32','2023-06-03 03:53:32'),(249,'Anne Stanton',821,'2014-08-22',12,19,'2023-06-03 03:53:32','2023-06-03 03:53:32'),(250,'Dr. Annabell Blick',685,'2021-05-25',13,8,'2023-06-03 03:53:32','2023-06-03 03:53:32'),(251,'Annie Lang',695,'2015-12-20',4,5,'2023-06-03 03:53:32','2023-06-03 03:53:32'),(252,'Prof. Jeff Little',460,'2021-10-08',10,4,'2023-06-03 03:53:32','2023-06-03 03:53:32'),(253,'Everette Reynolds',345,'2020-01-13',11,9,'2023-06-03 03:53:32','2023-06-03 03:53:32'),(254,'Celia Wunsch',574,'2023-01-19',4,2,'2023-06-03 03:53:32','2023-06-03 03:53:32'),(255,'Keyon Schneider',739,'2018-01-03',13,12,'2023-06-03 03:53:32','2023-06-03 03:53:32'),(256,'Woodrow Johns',466,'2018-02-07',11,12,'2023-06-03 03:53:32','2023-06-03 03:53:32'),(257,'Nayeli Metz DVM',630,'2016-12-14',7,15,'2023-06-03 03:53:32','2023-06-03 03:53:32'),(258,'Polly Swift',847,'2019-02-24',1,17,'2023-06-03 03:53:32','2023-06-03 03:53:32'),(259,'Dr. Hunter Emard',374,'2017-06-25',3,10,'2023-06-03 03:53:32','2023-06-03 03:53:32'),(260,'Miss Corrine Heidenreich III',792,'2022-12-01',15,19,'2023-06-03 03:53:32','2023-06-03 03:53:32'),(261,'London Labadie',350,'2020-07-31',3,20,'2023-06-03 03:53:32','2023-06-03 03:53:32'),(262,'Estrella Howe Sr.',283,'2019-09-21',7,13,'2023-06-03 03:53:32','2023-06-03 03:53:32'),(263,'Ellsworth Franecki',826,'2018-03-13',2,8,'2023-06-03 03:53:32','2023-06-03 03:53:32'),(264,'Justyn Osinski',607,'2018-10-25',12,13,'2023-06-03 03:53:32','2023-06-03 03:53:32'),(265,'Prof. Spencer Emard',530,'2022-04-29',6,10,'2023-06-03 03:53:32','2023-06-03 03:53:32'),(266,'Dr. Rasheed Rath',643,'2017-09-21',12,10,'2023-06-03 03:53:32','2023-06-03 03:53:32'),(267,'Nasir Goyette MD',424,'2020-03-08',7,7,'2023-06-03 03:53:32','2023-06-03 03:53:32'),(268,'Cydney Terry I',130,'2019-08-09',15,20,'2023-06-03 03:53:32','2023-06-03 03:53:32'),(269,'Erich Dickens',268,'2017-04-23',2,9,'2023-06-03 03:53:32','2023-06-03 03:53:32'),(270,'Tianna D\'Amore',645,'2022-10-18',11,9,'2023-06-03 03:53:32','2023-06-03 03:53:32'),(271,'Tyrese Schaden',603,'2023-01-03',8,19,'2023-06-03 03:53:32','2023-06-03 03:53:32'),(272,'Sheila Will',985,'2022-10-24',6,15,'2023-06-03 03:53:32','2023-06-03 03:53:32'),(273,'Ms. Gilda Fahey',151,'2020-03-20',10,15,'2023-06-03 03:53:32','2023-06-03 03:53:32'),(274,'Grayson Kuphal I',651,'2020-06-09',10,14,'2023-06-03 03:53:32','2023-06-03 03:53:32'),(275,'Annamarie Vandervort',318,'2013-06-21',8,4,'2023-06-03 03:53:32','2023-06-03 03:53:32'),(276,'Prof. Anissa Friesen',107,'2020-11-03',14,5,'2023-06-03 03:53:32','2023-06-03 03:53:32'),(277,'Prof. Brock Kirlin',856,'2020-11-20',6,3,'2023-06-03 03:53:32','2023-06-03 03:53:32'),(278,'Dr. Clair Osinski',532,'2013-08-29',1,13,'2023-06-03 03:53:32','2023-06-03 03:53:32'),(279,'Felix Ondricka',492,'2022-03-18',12,8,'2023-06-03 03:53:32','2023-06-03 03:53:32'),(280,'Dr. Hilton Stehr',706,'2022-11-07',3,15,'2023-06-03 03:53:32','2023-06-03 03:53:32'),(281,'Ms. Marge Beer III',720,'2020-04-14',14,6,'2023-06-03 03:53:32','2023-06-03 03:53:32'),(282,'Sarina Ritchie',375,'2020-05-09',3,1,'2023-06-03 03:53:32','2023-06-03 03:53:32'),(283,'May Kerluke DDS',608,'2018-11-22',1,8,'2023-06-03 03:53:32','2023-06-03 03:53:32'),(284,'Samanta Klein',818,'2019-10-13',3,12,'2023-06-03 03:53:32','2023-06-03 03:53:32'),(285,'Mark Leannon',971,'2020-01-21',2,14,'2023-06-03 03:53:32','2023-06-03 03:53:32'),(286,'Lane VonRueden',195,'2022-05-29',7,16,'2023-06-03 03:53:32','2023-06-03 03:53:32'),(287,'Prof. Kavon Stoltenberg DVM',779,'2013-08-30',1,8,'2023-06-03 03:53:32','2023-06-03 03:53:32'),(288,'Joanny Gaylord',881,'2019-09-27',4,12,'2023-06-03 03:53:32','2023-06-03 03:53:32'),(289,'Janelle Okuneva',778,'2020-08-23',3,16,'2023-06-03 03:53:32','2023-06-03 03:53:32'),(290,'Anabelle Olson',691,'2019-12-08',5,19,'2023-06-03 03:53:32','2023-06-03 03:53:32'),(291,'Destini Jacobson',448,'2022-06-18',3,19,'2023-06-03 03:53:32','2023-06-03 03:53:32'),(292,'Madilyn Yost',233,'2022-08-08',7,10,'2023-06-03 03:53:32','2023-06-03 03:53:32'),(293,'Amira Anderson IV',464,'2017-10-22',9,1,'2023-06-03 03:53:32','2023-06-03 03:53:32'),(294,'Eliezer Erdman',170,'2021-05-01',12,1,'2023-06-03 03:53:32','2023-06-03 03:53:32'),(295,'Stella Buckridge PhD',721,'2021-02-27',11,17,'2023-06-03 03:53:32','2023-06-03 03:53:32'),(296,'Noemie Reinger',997,'2021-03-03',3,16,'2023-06-03 03:53:32','2023-06-03 03:53:32'),(297,'Brad Krajcik',593,'2014-04-10',9,14,'2023-06-03 03:53:32','2023-06-03 03:53:32'),(298,'Miss April Brakus',751,'2014-12-31',12,14,'2023-06-03 03:53:32','2023-06-03 03:53:32'),(299,'Earlene King',561,'2013-06-17',3,6,'2023-06-03 03:53:32','2023-06-03 03:53:32'),(300,'Kailey Kemmer',586,'2013-10-18',2,20,'2023-06-03 03:53:32','2023-06-03 03:53:32');
/*!40000 ALTER TABLE `libros` ENABLE KEYS */;
UNLOCK TABLES;

--
-- Table structure for table `migrations`
--

DROP TABLE IF EXISTS `migrations`;
/*!40101 SET @saved_cs_client     = @@character_set_client */;
/*!50503 SET character_set_client = utf8mb4 */;
CREATE TABLE `migrations` (
  `id` int unsigned NOT NULL AUTO_INCREMENT,
  `migration` varchar(255) COLLATE utf8mb4_unicode_ci NOT NULL,
  `batch` int NOT NULL,
  PRIMARY KEY (`id`)
) ENGINE=InnoDB AUTO_INCREMENT=9 DEFAULT CHARSET=utf8mb4 COLLATE=utf8mb4_unicode_ci;
/*!40101 SET character_set_client = @saved_cs_client */;

--
-- Dumping data for table `migrations`
--

LOCK TABLES `migrations` WRITE;
/*!40000 ALTER TABLE `migrations` DISABLE KEYS */;
INSERT INTO `migrations` VALUES (1,'2014_10_12_000000_create_users_table',1),(2,'2023_06_02_192827_create_categorias_table',2),(3,'2023_06_02_192817_create_editorials_table',3),(4,'2023_06_02_192627_create_libros_table',4),(5,'2023_06_02_222918_create_escribes_table',5),(6,'2014_10_12_100000_create_password_resets_table',6),(7,'2019_08_19_000000_create_failed_jobs_table',6),(8,'2019_12_14_000001_create_personal_access_tokens_table',6);
/*!40000 ALTER TABLE `migrations` ENABLE KEYS */;
UNLOCK TABLES;

--
-- Table structure for table `password_resets`
--

DROP TABLE IF EXISTS `password_resets`;
/*!40101 SET @saved_cs_client     = @@character_set_client */;
/*!50503 SET character_set_client = utf8mb4 */;
CREATE TABLE `password_resets` (
  `email` varchar(255) COLLATE utf8mb4_unicode_ci NOT NULL,
  `token` varchar(255) COLLATE utf8mb4_unicode_ci NOT NULL,
  `created_at` timestamp NULL DEFAULT NULL,
  KEY `password_resets_email_index` (`email`)
) ENGINE=InnoDB DEFAULT CHARSET=utf8mb4 COLLATE=utf8mb4_unicode_ci;
/*!40101 SET character_set_client = @saved_cs_client */;

--
-- Dumping data for table `password_resets`
--

LOCK TABLES `password_resets` WRITE;
/*!40000 ALTER TABLE `password_resets` DISABLE KEYS */;
/*!40000 ALTER TABLE `password_resets` ENABLE KEYS */;
UNLOCK TABLES;

--
-- Table structure for table `personal_access_tokens`
--

DROP TABLE IF EXISTS `personal_access_tokens`;
/*!40101 SET @saved_cs_client     = @@character_set_client */;
/*!50503 SET character_set_client = utf8mb4 */;
CREATE TABLE `personal_access_tokens` (
  `id` bigint unsigned NOT NULL AUTO_INCREMENT,
  `tokenable_type` varchar(255) COLLATE utf8mb4_unicode_ci NOT NULL,
  `tokenable_id` bigint unsigned NOT NULL,
  `name` varchar(255) COLLATE utf8mb4_unicode_ci NOT NULL,
  `token` varchar(64) COLLATE utf8mb4_unicode_ci NOT NULL,
  `abilities` text COLLATE utf8mb4_unicode_ci,
  `last_used_at` timestamp NULL DEFAULT NULL,
  `created_at` timestamp NULL DEFAULT NULL,
  `updated_at` timestamp NULL DEFAULT NULL,
  PRIMARY KEY (`id`),
  UNIQUE KEY `personal_access_tokens_token_unique` (`token`),
  KEY `personal_access_tokens_tokenable_type_tokenable_id_index` (`tokenable_type`,`tokenable_id`)
) ENGINE=InnoDB DEFAULT CHARSET=utf8mb4 COLLATE=utf8mb4_unicode_ci;
/*!40101 SET character_set_client = @saved_cs_client */;

--
-- Dumping data for table `personal_access_tokens`
--

LOCK TABLES `personal_access_tokens` WRITE;
/*!40000 ALTER TABLE `personal_access_tokens` DISABLE KEYS */;
/*!40000 ALTER TABLE `personal_access_tokens` ENABLE KEYS */;
UNLOCK TABLES;

--
-- Table structure for table `users`
--

DROP TABLE IF EXISTS `users`;
/*!40101 SET @saved_cs_client     = @@character_set_client */;
/*!50503 SET character_set_client = utf8mb4 */;
CREATE TABLE `users` (
  `id` bigint unsigned NOT NULL AUTO_INCREMENT,
  `name` varchar(255) COLLATE utf8mb4_unicode_ci NOT NULL,
  `genero` varchar(255) COLLATE utf8mb4_unicode_ci NOT NULL,
  `nacionalidad` varchar(255) COLLATE utf8mb4_unicode_ci NOT NULL,
  `fecha_nacimiento` date NOT NULL,
  `email` varchar(255) COLLATE utf8mb4_unicode_ci NOT NULL,
  `email_verified_at` timestamp NULL DEFAULT NULL,
  `password` varchar(255) COLLATE utf8mb4_unicode_ci NOT NULL,
  `remember_token` varchar(100) COLLATE utf8mb4_unicode_ci DEFAULT NULL,
  `created_at` timestamp NULL DEFAULT NULL,
  `updated_at` timestamp NULL DEFAULT NULL,
  PRIMARY KEY (`id`),
  UNIQUE KEY `users_email_unique` (`email`)
) ENGINE=InnoDB AUTO_INCREMENT=31 DEFAULT CHARSET=utf8mb4 COLLATE=utf8mb4_unicode_ci;
/*!40101 SET character_set_client = @saved_cs_client */;

--
-- Dumping data for table `users`
--

LOCK TABLES `users` WRITE;
/*!40000 ALTER TABLE `users` DISABLE KEYS */;
INSERT INTO `users` VALUES (1,'Shana Koss','Masculino','Korea','1962-02-02','benny.gulgowski@example.org','2023-06-03 03:50:55','$2y$10$92IXUNpkjO0rOQ5byMi.Ye4oKoEa3Ro9llC/.og/at2.uheWG/igi','OILydgoboO','2023-06-03 03:50:55','2023-06-03 03:50:55'),(2,'Nayeli Robel','Masculino','Finland','1961-10-28','khermiston@example.org','2023-06-03 03:50:55','$2y$10$92IXUNpkjO0rOQ5byMi.Ye4oKoEa3Ro9llC/.og/at2.uheWG/igi','77XDX07T3q','2023-06-03 03:50:55','2023-06-03 03:50:55'),(3,'Owen Bradtke','Femenino','Antigua and Barbuda','1973-07-03','herman.lebsack@example.net','2023-06-03 03:50:55','$2y$10$92IXUNpkjO0rOQ5byMi.Ye4oKoEa3Ro9llC/.og/at2.uheWG/igi','pmHpMBcaOd','2023-06-03 03:50:55','2023-06-03 03:50:55'),(4,'Vicente Muller','Femenino','Slovenia','1960-05-19','price.herman@example.net','2023-06-03 03:50:55','$2y$10$92IXUNpkjO0rOQ5byMi.Ye4oKoEa3Ro9llC/.og/at2.uheWG/igi','cJuvCOAMzK','2023-06-03 03:50:55','2023-06-03 03:50:55'),(5,'Anna Grady','Femenino','Malaysia','1965-11-19','graciela.koss@example.com','2023-06-03 03:50:55','$2y$10$92IXUNpkjO0rOQ5byMi.Ye4oKoEa3Ro9llC/.og/at2.uheWG/igi','cHXg1xBw9N','2023-06-03 03:50:55','2023-06-03 03:50:55'),(6,'Wilhelm Windler','Masculino','Sao Tome and Principe','1999-12-24','henderson.rowe@example.net','2023-06-03 03:50:55','$2y$10$92IXUNpkjO0rOQ5byMi.Ye4oKoEa3Ro9llC/.og/at2.uheWG/igi','Zl4n700boS','2023-06-03 03:50:55','2023-06-03 03:50:55'),(7,'Parker Little','Masculino','Ukraine','1994-12-12','schuyler84@example.net','2023-06-03 03:50:55','$2y$10$92IXUNpkjO0rOQ5byMi.Ye4oKoEa3Ro9llC/.og/at2.uheWG/igi','xXt9TBkNC0','2023-06-03 03:50:55','2023-06-03 03:50:55'),(8,'Lauryn Halvorson','Masculino','Bahamas','1994-12-30','bud.crist@example.com','2023-06-03 03:50:55','$2y$10$92IXUNpkjO0rOQ5byMi.Ye4oKoEa3Ro9llC/.og/at2.uheWG/igi','tNzPm1ycHr','2023-06-03 03:50:55','2023-06-03 03:50:55'),(9,'Koby Kertzmann','Masculino','Gabon','1974-02-18','pmayer@example.com','2023-06-03 03:50:55','$2y$10$92IXUNpkjO0rOQ5byMi.Ye4oKoEa3Ro9llC/.og/at2.uheWG/igi','fhGgO6Mwmd','2023-06-03 03:50:55','2023-06-03 03:50:55'),(10,'Ada Wuckert','Masculino','Chad','1979-08-02','whitney39@example.org','2023-06-03 03:50:55','$2y$10$92IXUNpkjO0rOQ5byMi.Ye4oKoEa3Ro9llC/.og/at2.uheWG/igi','IclR4ozDUn','2023-06-03 03:50:55','2023-06-03 03:50:55'),(11,'Prof. Duncan Hickle Jr.','Femenino','Iceland','1985-04-11','schmidt.deshawn@example.org','2023-06-03 03:50:55','$2y$10$92IXUNpkjO0rOQ5byMi.Ye4oKoEa3Ro9llC/.og/at2.uheWG/igi','Xj8tR14nB2','2023-06-03 03:50:55','2023-06-03 03:50:55'),(12,'Missouri Smitham','Masculino','Reunion','2002-10-24','egreen@example.com','2023-06-03 03:50:55','$2y$10$92IXUNpkjO0rOQ5byMi.Ye4oKoEa3Ro9llC/.og/at2.uheWG/igi','642IYotHcZ','2023-06-03 03:50:55','2023-06-03 03:50:55'),(13,'Laisha Schaefer','Masculino','Vanuatu','2004-02-19','glover.rickie@example.org','2023-06-03 03:50:55','$2y$10$92IXUNpkjO0rOQ5byMi.Ye4oKoEa3Ro9llC/.og/at2.uheWG/igi','eMHHB3uCaY','2023-06-03 03:50:55','2023-06-03 03:50:55'),(14,'Dr. Howell Romaguera MD','Femenino','Canada','1961-06-12','abby31@example.com','2023-06-03 03:50:55','$2y$10$92IXUNpkjO0rOQ5byMi.Ye4oKoEa3Ro9llC/.og/at2.uheWG/igi','0Dv2zbzDss','2023-06-03 03:50:55','2023-06-03 03:50:55'),(15,'Ms. Freda Bartell I','Femenino','Lesotho','1980-11-22','nicola64@example.com','2023-06-03 03:50:55','$2y$10$92IXUNpkjO0rOQ5byMi.Ye4oKoEa3Ro9llC/.og/at2.uheWG/igi','jIOkEx4bJH','2023-06-03 03:50:55','2023-06-03 03:50:55'),(16,'Tamara Ryan','Femenino','Botswana','1973-09-18','astokes@example.com','2023-06-03 03:50:55','$2y$10$92IXUNpkjO0rOQ5byMi.Ye4oKoEa3Ro9llC/.og/at2.uheWG/igi','CAKDU1yd5p','2023-06-03 03:50:55','2023-06-03 03:50:55'),(17,'Bertram Littel','Femenino','Korea','1984-05-27','shanel.abshire@example.org','2023-06-03 03:50:55','$2y$10$92IXUNpkjO0rOQ5byMi.Ye4oKoEa3Ro9llC/.og/at2.uheWG/igi','MePp0Nxb3L','2023-06-03 03:50:55','2023-06-03 03:50:55'),(18,'Dr. Violette Rodriguez III','Femenino','Korea','1970-07-30','pollich.marcel@example.com','2023-06-03 03:50:55','$2y$10$92IXUNpkjO0rOQ5byMi.Ye4oKoEa3Ro9llC/.og/at2.uheWG/igi','HbXMaBrp5a','2023-06-03 03:50:55','2023-06-03 03:50:55'),(19,'Shanon VonRueden','Masculino','British Virgin Islands','2002-01-29','udenesik@example.org','2023-06-03 03:50:55','$2y$10$92IXUNpkjO0rOQ5byMi.Ye4oKoEa3Ro9llC/.og/at2.uheWG/igi','N4juNEn9FD','2023-06-03 03:50:55','2023-06-03 03:50:55'),(20,'Eileen Eichmann','Femenino','Tunisia','1966-11-21','akassulke@example.org','2023-06-03 03:50:55','$2y$10$92IXUNpkjO0rOQ5byMi.Ye4oKoEa3Ro9llC/.og/at2.uheWG/igi','0HMw1POBFq','2023-06-03 03:50:55','2023-06-03 03:50:55'),(21,'Efrain Haley','Femenino','Tokelau','1965-07-19','dante.heller@example.com','2023-06-03 03:50:55','$2y$10$92IXUNpkjO0rOQ5byMi.Ye4oKoEa3Ro9llC/.og/at2.uheWG/igi','vxDjrxXrPo','2023-06-03 03:50:55','2023-06-03 03:50:55'),(22,'Dr. Josiane Sauer','Masculino','Palestinian Territories','1989-07-19','zdietrich@example.org','2023-06-03 03:50:55','$2y$10$92IXUNpkjO0rOQ5byMi.Ye4oKoEa3Ro9llC/.og/at2.uheWG/igi','PRKEEzkurU','2023-06-03 03:50:55','2023-06-03 03:50:55'),(23,'Prof. Nathan Rutherford MD','Femenino','Liechtenstein','1968-05-16','towne.christelle@example.org','2023-06-03 03:50:55','$2y$10$92IXUNpkjO0rOQ5byMi.Ye4oKoEa3Ro9llC/.og/at2.uheWG/igi','qqpB7abkZp','2023-06-03 03:50:55','2023-06-03 03:50:55'),(24,'Gracie Stanton','Masculino','Isle of Man','1957-02-02','ftromp@example.org','2023-06-03 03:50:55','$2y$10$92IXUNpkjO0rOQ5byMi.Ye4oKoEa3Ro9llC/.og/at2.uheWG/igi','CzSQvCaaFZ','2023-06-03 03:50:55','2023-06-03 03:50:55'),(25,'Everette Hilpert','Masculino','Malaysia','1954-05-05','newell.powlowski@example.org','2023-06-03 03:50:55','$2y$10$92IXUNpkjO0rOQ5byMi.Ye4oKoEa3Ro9llC/.og/at2.uheWG/igi','zOOdUwb6ih','2023-06-03 03:50:55','2023-06-03 03:50:55'),(26,'Hertha Ebert DVM','Femenino','Falkland Islands (Malvinas)','1980-07-30','delfina.mohr@example.org','2023-06-03 03:50:55','$2y$10$92IXUNpkjO0rOQ5byMi.Ye4oKoEa3Ro9llC/.og/at2.uheWG/igi','ewXo2wrNvK','2023-06-03 03:50:55','2023-06-03 03:50:55'),(27,'Emanuel Schaden','Femenino','South Georgia and the South Sandwich Islands','1986-11-06','ivah.wilkinson@example.com','2023-06-03 03:50:55','$2y$10$92IXUNpkjO0rOQ5byMi.Ye4oKoEa3Ro9llC/.og/at2.uheWG/igi','QQMBh4XZ14','2023-06-03 03:50:55','2023-06-03 03:50:55'),(28,'Megane Larson','Femenino','Chile','1994-10-04','jaquan47@example.net','2023-06-03 03:50:55','$2y$10$92IXUNpkjO0rOQ5byMi.Ye4oKoEa3Ro9llC/.og/at2.uheWG/igi','88aw4SZvQ5','2023-06-03 03:50:55','2023-06-03 03:50:55'),(29,'Dr. Concepcion Schamberger','Masculino','Poland','1988-05-03','qtremblay@example.net','2023-06-03 03:50:55','$2y$10$92IXUNpkjO0rOQ5byMi.Ye4oKoEa3Ro9llC/.og/at2.uheWG/igi','wsACdE77bL','2023-06-03 03:50:55','2023-06-03 03:50:55'),(30,'Krystal Pouros','Femenino','India','1990-11-30','arnold.gibson@example.com','2023-06-03 03:50:55','$2y$10$92IXUNpkjO0rOQ5byMi.Ye4oKoEa3Ro9llC/.og/at2.uheWG/igi','GSH6TiUbVZ','2023-06-03 03:50:55','2023-06-03 03:50:55');
/*!40000 ALTER TABLE `users` ENABLE KEYS */;
UNLOCK TABLES;
/*!40103 SET TIME_ZONE=@OLD_TIME_ZONE */;

/*!40101 SET SQL_MODE=@OLD_SQL_MODE */;
/*!40014 SET FOREIGN_KEY_CHECKS=@OLD_FOREIGN_KEY_CHECKS */;
/*!40014 SET UNIQUE_CHECKS=@OLD_UNIQUE_CHECKS */;
/*!40101 SET CHARACTER_SET_CLIENT=@OLD_CHARACTER_SET_CLIENT */;
/*!40101 SET CHARACTER_SET_RESULTS=@OLD_CHARACTER_SET_RESULTS */;
/*!40101 SET COLLATION_CONNECTION=@OLD_COLLATION_CONNECTION */;
/*!40111 SET SQL_NOTES=@OLD_SQL_NOTES */;

-- Dump completed on 2023-06-02 18:19:39
